{
    "name": "demoskillset",
    "description": "Extract entities, detect language and extract key-phrases",
    "skills": [
      {
        "@odata.type": "#Microsoft.Skills.Text.EntityRecognitionSkill",
        "categories": [
          "organization"
        ],
        "defaultLanguageCode": "en",
        "minimumPrecision": 0.7,
        "inputs": [
          {
            "name": "text",
            "source": "/document/content"
          }
        ],
        "outputs": [
          {
            "name": "organizations",
            "targetName": "organizations"
          }
        ]
      },
      {
        "@odata.type": "#Microsoft.Skills.Text.LanguageDetectionSkill",
        "inputs": [
          {
            "name": "text",
            "source": "/document/content"
          }
        ],
        "outputs": [
          {
            "name": "languageCode",
            "targetName": "languageCode"
          }
        ]
      },
      {
        "@odata.type": "#Microsoft.Skills.Text.SplitSkill",
        "textSplitMode": "pages",
        "maximumPageLength": 4000,
        "inputs": [
          {
            "name": "text",
            "source": "/document/content"
          },
          {
            "name": "languageCode",
            "source": "/document/languageCode"
          }
        ],
        "outputs": [
          {
            "name": "textItems",
            "targetName": "pages"
          }
        ]
      },
      {
        "@odata.type": "#Microsoft.Skills.Text.KeyPhraseExtractionSkill",
        "context": "/document/pages/*",
        "inputs": [
          {
            "name": "text",
            "source": "/document/pages/*"
          },
          {
            "name": "languageCode",
            "source": "/document/languageCode"
          }
        ],
        "outputs": [
          {
            "name": "keyPhrases",
            "targetName": "keyPhrases"
          }
        ]
      },
      {
        "@odata.type": "#Microsoft.Skills.Custom.WebApiSkill",
        "name": "MyCustomWebApiSkill",
        "uri": "https://contoso.example.org",
        "httpMethod": "POST",
        "timeout": "PT30S",
        "batchSize": 1,
        "inputs": [
          {
            "name": "text",
            "source": "/document/pages/*"
          },
          {
            "name": "languageCode",
            "source": "/document/languageCode"
          }
        ],
        "outputs": [
          {
            "name": "customresult",
            "targetName": "result"
          }
        ],
        "httpHeaders": {}
      }
    ],
    "encryptionKey": {
      "keyVaultKeyName": "myUserManagedEncryptionKey-createdinAzureKeyVault",
      "keyVaultKeyVersion": "myKeyVersion-32charAlphaNumericString",
      "keyVaultUri": "https://myKeyVault.vault.azure.net",
      "accessCredentials": null
    }
  }
  