{
    "name": "hotels",
    "fields": [
      {
        "name": "hotelId",
        "type": "Edm.String",
        "key": true,
        "searchable": false
      },
      {
        "name": "baseRate",
        "type": "Edm.Double"
      },
      {
        "name": "description",
        "type": "Edm.String",
        "filterable": false,
        "sortable": false,
        "facetable": false
      },
      {
        "name": "descriptionEmbedding",
        "type": "Collection(Edm.Single)",
        "dimensions": 1536,
        "vectorSearchProfile": "myHnswProfile",
        "searchable": true,
        "retrievable": true
      },
      {
        "name": "description_fr",
        "type": "Edm.String",
        "filterable": false,
        "sortable": false,
        "facetable": false,
        "analyzer": "fr.lucene"
      },
      {
        "name": "hotelName",
        "type": "Edm.String"
      },
      {
        "name": "category",
        "type": "Edm.String"
      },
      {
        "name": "tags",
        "type": "Collection(Edm.String)",
        "analyzer": "tagsAnalyzer"
      },
      {
        "name": "parkingIncluded",
        "type": "Edm.Boolean"
      },
      {
        "name": "smokingAllowed",
        "type": "Edm.Boolean"
      },
      {
        "name": "lastRenovationDate",
        "type": "Edm.DateTimeOffset"
      },
      {
        "name": "rating",
        "type": "Edm.Int32"
      },
      {
        "name": "location",
        "type": "Edm.GeographyPoint"
      }
    ],
    "scoringProfiles": [
      {
        "name": "geo",
        "text": {
          "weights": {
            "hotelName": 5
          }
        },
        "functions": [
          {
            "type": "distance",
            "boost": 5,
            "fieldName": "location",
            "interpolation": "logarithmic",
            "distance": {
              "referencePointParameter": "currentLocation",
              "boostingDistance": 10
            }
          }
        ]
      }
    ],
    "defaultScoringProfile": "geo",
    "suggesters": [
      {
        "name": "sg",
        "searchMode": "analyzingInfixMatching",
        "sourceFields": [
          "hotelName"
        ]
      }
    ],
    "analyzers": [
      {
        "name": "tagsAnalyzer",
        "@odata.type": "#Microsoft.Azure.Search.CustomAnalyzer",
        "charFilters": [
          "html_strip"
        ],
        "tokenizer": "standard_v2"
      }
    ],
    "corsOptions": {
      "allowedOrigins": [
        "tempuri.org"
      ],
      "maxAgeInSeconds": 60
    },
    "encryptionKey": {
      "keyVaultKeyName": "myUserManagedEncryptionKey-createdinAzureKeyVault",
      "keyVaultKeyVersion": "myKeyVersion-32charAlphaNumericString",
      "keyVaultUri": "https://myKeyVault.vault.azure.net",
      "accessCredentials": null
    },
    "similarity": {
      "@odata.type": "#Microsoft.Azure.Search.ClassicSimilarity"
    },
    "semantic": {
      "configurations": [
        {
          "name": "semanticHotels",
          "prioritizedFields": {
            "titleField": {
              "fieldName": "hotelName"
            },
            "prioritizedContentFields": [
              {
                "fieldName": "description"
              },
              {
                "fieldName": "description_fr"
              }
            ],
            "prioritizedKeywordsFields": [
              {
                "fieldName": "tags"
              },
              {
                "fieldName": "category"
              }
            ]
          }
        }
      ]
    },
    "vectorSearch": {
      "profiles": [
        {
          "name": "myHnswProfile",
          "algorithm": "myHnsw"
        },
        {
          "name": "myAlgorithm",
          "algorithm": "myExhaustive"
        }
      ],
      "algorithms": [
        {
          "name": "myHnsw",
          "kind": "hnsw",
          "hnswParameters": {
            "m": 4,
            "metric": "cosine"
          }
        },
        {
          "name": "myExhaustive",
          "kind": "exhaustiveKnn",
          "exhaustiveKnnParameters": {
            "metric": "cosine"
          }
        }
      ]
    }
  }