{
    "name": "myindexer",
    "description": "a cool indexer",
    "dataSourceName": "mydatasource",
    "targetIndexName": "orders",
    "schedule": {
      "interval": "PT1H",
      "startTime": "2015-01-01T00:00:00Z"
    },
    "parameters": {
      "maxFailedItems": 10,
      "maxFailedItemsPerBatch": 5
    },
    "encryptionKey": {
      "keyVaultKeyName": "myUserManagedEncryptionKey-createdinAzureKeyVault",
      "keyVaultKeyVersion": "myKeyVersion-32charAlphaNumericString",
      "keyVaultUri": "https://myKeyVault.vault.azure.net",
      "accessCredentials": null
    }
  }